trackid,valence,arousal,preview_url
2o6pna5Xx22CjZ0MqYtSfx,0.76,0.519,https://p.scdn.co/mp3-preview/337534402064586f22d890b757bedc8314396354?cid=eb369f94677f420293efdba9637315cc
7Kjh6A5voYQ1rFFnYEbYq6,0.0862,0.452,https://p.scdn.co/mp3-preview/b09d44e3ca3afd61196aeb38996578ef0c2ad31b?cid=eb369f94677f420293efdba9637315cc
1kzBcZKIHxPUdLx2HcNm4v,0.437,0.704,https://p.scdn.co/mp3-preview/6d0e147b00c716e0988167c336c592ef9dd17fee?cid=eb369f94677f420293efdba9637315cc
0k30xe1ye3cRQxMxjy9ig1,0.614,0.944,https://p.scdn.co/mp3-preview/5ec064483e60265a4c91e0e1a5ff6fc2706d420c?cid=eb369f94677f420293efdba9637315cc
7rkl4JNJFOSbrMrrT2KJjS,0.381,0.773,https://p.scdn.co/mp3-preview/56aafb65453ebd73da2af00726ff5869945c3134?cid=eb369f94677f420293efdba9637315cc
67FunyISd3BBWRO2SwQcMW,0.0435,0.927,https://p.scdn.co/mp3-preview/ebf8d1049863f66c8ba706c707468f775f84fcc9?cid=eb369f94677f420293efdba9637315cc
5cxnSTLzGD1t9xcdmJYFVB,0.412,0.411,https://p.scdn.co/mp3-preview/66cd0cf60ad89f3f8b83ce6e2c2ffc8c08d65eb4?cid=eb369f94677f420293efdba9637315cc
4DPRxuevAJUdeGco6vG021,0.455,0.995,https://p.scdn.co/mp3-preview/5009692a8e9a3c7e923241fd89b8838e8e6cf5f8?cid=eb369f94677f420293efdba9637315cc
43ZdIH57uxcyf1aKi9SVOh,0.332,0.22,https://p.scdn.co/mp3-preview/af5c766f93c84c368a0815b8c6269bc1f17c4185?cid=eb369f94677f420293efdba9637315cc
6eStrUlthfFgrGEH2GfYUW,0.499,0.638,https://p.scdn.co/mp3-preview/6b79c8f4d8859b5f6318431daf7bd122b5bfe91a?cid=eb369f94677f420293efdba9637315cc
7awa8g55I1LyxDxawUz0CB,0.837,0.414,https://p.scdn.co/mp3-preview/683c74103fb843dafc9fd1c796f050425faae485?cid=eb369f94677f420293efdba9637315cc
02dPJJKVdz9V36TIVu5iqQ,0.809,0.893,https://p.scdn.co/mp3-preview/e433dbf0738d48c3148cb0dd88957a7537a386f9?cid=eb369f94677f420293efdba9637315cc
6btjFTvoxZggtqqqVroO0q,0.263,0.267,https://p.scdn.co/mp3-preview/d89af75da378915caac667f5aa19956241ec1734?cid=eb369f94677f420293efdba9637315cc
7dPRAkm7CVftygF7hzfPLQ,0.843,0.324,https://p.scdn.co/mp3-preview/aa6ee0877565744cd72557fd2e49ccf7d0d1ced5?cid=eb369f94677f420293efdba9637315cc
6O3VDEvRBgYpe1OsbtzYXX,0.175,0.175,https://p.scdn.co/mp3-preview/6826a93e821f5305b62e4285dba57bea0cd85215?cid=eb369f94677f420293efdba9637315cc
6sbQ7bfPNqfbsZYDRH9Jvx,0.469,0.318,https://p.scdn.co/mp3-preview/90d4cf7698eb04f216c3a91128e3bb4b337da7d6?cid=eb369f94677f420293efdba9637315cc
1MhiSsm2Qw3a8Av1fjshPZ,0.0399,0.178,https://p.scdn.co/mp3-preview/a210d638ec759a8d44113e8ea1c788c8cbd23b5b?cid=eb369f94677f420293efdba9637315cc
7MoYf0bDMAGXhERqM4cJlb,0.17,0.829,https://p.scdn.co/mp3-preview/9b420270b4c443e384c0068933fbfee93ba329ac?cid=eb369f94677f420293efdba9637315cc
5VWiodZjbO031AQiZW4ogu,0.762,0.839,https://p.scdn.co/mp3-preview/85b53e6dd1444a72b3dfe1e2700281e49daf1f5e?cid=eb369f94677f420293efdba9637315cc
7oyNkRW8FMOEjTfcFqI3l7,0.376,0.143,https://p.scdn.co/mp3-preview/2fa440413d819de40929c897265594bc1b9f5b04?cid=eb369f94677f420293efdba9637315cc
1ZnxhzyrBQg1Zix4Y2j017,0.841,0.945,https://p.scdn.co/mp3-preview/d6545652f233e7e82750af5ef31f788c0effd782?cid=eb369f94677f420293efdba9637315cc
3oVgYDihp06yhea25YjOOm,0.57,0.544,https://p.scdn.co/mp3-preview/42b8c36a717ac84bc13852faef1a0e2b73da0a44?cid=eb369f94677f420293efdba9637315cc
2VJtcBv6So3ZRpzlnCrZnp,0.128,0.193,https://p.scdn.co/mp3-preview/aac5af8717fb2a351f1f686cb128a5b651129087?cid=eb369f94677f420293efdba9637315cc
5cMmSjvcIiBFkI72hIbPog,0.881,0.878,https://p.scdn.co/mp3-preview/ce8d25feb82ce0077cffaecedc859f3fcbf94692?cid=eb369f94677f420293efdba9637315cc
70zf2unN3T2HrV9lgWvi9V,0.646,0.711,https://p.scdn.co/mp3-preview/a2dd0c710abd36ffb5ef410a62efb2b3b1316d9a?cid=eb369f94677f420293efdba9637315cc
5Y9u63K2tFtYIsabBmTeJ3,0.877,0.808,https://p.scdn.co/mp3-preview/0ca0f4b415a35f008606933ec33490fb7f49e34a?cid=eb369f94677f420293efdba9637315cc
0jeqQt5rMD2fnilGupFPrt,0.344,0.827,https://p.scdn.co/mp3-preview/549eb5445f948173e8158a4ad5838b754ce86a82?cid=eb369f94677f420293efdba9637315cc
3QeOQM3KuMGZblLvVOfXtv,0.803,0.565,https://p.scdn.co/mp3-preview/0bccaca0e6904b324955d88230eb88f03c765dab?cid=eb369f94677f420293efdba9637315cc
7cSjNG8lf4ZammGdJMRZht,0.618,0.909,https://p.scdn.co/mp3-preview/8627a7ca9ae5902e5e53f650b9c8bb38cc077908?cid=eb369f94677f420293efdba9637315cc
7rVhW9T2OxhHTkMrjLf2w4,0.413,0.896,https://p.scdn.co/mp3-preview/5bf6ae5b3fcd279c4c3f09112839c31767dfaf3e?cid=eb369f94677f420293efdba9637315cc
0iaTHjjwE5eSjnHqlhKmfk,0.462,0.298,https://p.scdn.co/mp3-preview/5516e6c3a97b5e87f81e6ead3f0084fe5677f1b3?cid=eb369f94677f420293efdba9637315cc
7lRLXhJRCYhmi4XnXsyJA6,0.843,0.665,https://p.scdn.co/mp3-preview/63a660c339df40333544109d77806e319aa86ab6?cid=eb369f94677f420293efdba9637315cc
57HvueguHroRluYYB4Nk26,0.0389,0.981,https://p.scdn.co/mp3-preview/117e9a29939f13f8ac74e305eea7729811c44b83?cid=eb369f94677f420293efdba9637315cc
1p5e91AoOaUA5hsi2FeKGv,0.691,0.828,https://p.scdn.co/mp3-preview/363c86c435ddad7a44ee1a5397f47f9817650c69?cid=eb369f94677f420293efdba9637315cc
3qsVzxRJu7dffK80LTSeqw,0.594,0.272,https://p.scdn.co/mp3-preview/319bca6425ed85641a55c52de6c3b80655b0b969?cid=eb369f94677f420293efdba9637315cc
7CeRWs6kX4dpiVqV05pyey,0.34,0.651,https://p.scdn.co/mp3-preview/84156fcabefd67af5a7645ec992ee51dd3453c95?cid=eb369f94677f420293efdba9637315cc
6xyQGhjgxXslzWyOg6YnJd,0.407,0.569,https://p.scdn.co/mp3-preview/f05ddb8c30492b849c9884799dd0eca8ce1d6a0a?cid=eb369f94677f420293efdba9637315cc
0nhlsJHrfmxMIWYKAeQYIk,0.49,0.872,https://p.scdn.co/mp3-preview/ad62868d6113a09b0bdaa9827c939ce9e05c205f?cid=eb369f94677f420293efdba9637315cc
5bVGde0mlhSZeDZrBu4SH3,0.758,0.575,https://p.scdn.co/mp3-preview/fc32af6ee123a43d7de62dddc4f3dde4245fa170?cid=eb369f94677f420293efdba9637315cc
5CR6fkqEbUECCh7DRPSEd8,0.074,0.47,https://p.scdn.co/mp3-preview/12471c4ae52132828d060d7005fe46319b9c4387?cid=eb369f94677f420293efdba9637315cc
2XovTk5PnPHSpQ2GHpC0SE,0.847,0.299,https://p.scdn.co/mp3-preview/b736d36ed6a90e06df75fcedbefe3daef970a63f?cid=eb369f94677f420293efdba9637315cc
7lYj2tdrfCA81BoqeMcxQV,0.352,0.974,https://p.scdn.co/mp3-preview/ffbffa229018c2f355e30dda786cd6f54e959fd1?cid=eb369f94677f420293efdba9637315cc
5GF1ljm1AWf6RQs9bQkZPR,0.573,0.522,https://p.scdn.co/mp3-preview/f5fc4c631759bfb2690794a526d70ee165f81386?cid=eb369f94677f420293efdba9637315cc
3gFQOMoUwlR6aUZj81gCzu,0.0622,0.196,https://p.scdn.co/mp3-preview/844b9087817d36d2b8006d4a35f23175f9c42372?cid=eb369f94677f420293efdba9637315cc
0aPwsqShRgDtDohRU3qOvP,0.44,0.624,https://p.scdn.co/mp3-preview/de9c2154910b70846ecfb2194f7d7f6ed6475cc9?cid=eb369f94677f420293efdba9637315cc
2zolKF02IrH69qcCSVivxO,0.659,0.813,https://p.scdn.co/mp3-preview/abbe54e1188a87a27305bd393d6c8bb6e727cbde?cid=eb369f94677f420293efdba9637315cc
5taQsLHbUf8WvzcBnUEpxe,0.806,0.8,https://p.scdn.co/mp3-preview/4f4b1b340d2f340654b0937e59911eabc9be6960?cid=eb369f94677f420293efdba9637315cc
63ysVCXZbinuzZ2oVaSAer,0.0822,0.965,https://p.scdn.co/mp3-preview/c581e82d7dcda1668449683d8888ebf4c06a43a5?cid=eb369f94677f420293efdba9637315cc
6kAfAYGGj0xcsA2sHuY9jE,0.397,0.771,https://p.scdn.co/mp3-preview/38a9cc985bbab14360d106028eb2ef88973743e9?cid=eb369f94677f420293efdba9637315cc
4tgDRwS6xWBnBrR2OhWacU,0.464,0.798,https://p.scdn.co/mp3-preview/171af4d3318c28583acadeaefffa21bc1595572f?cid=eb369f94677f420293efdba9637315cc
18XYNWjG0BQctJOar6jmkf,0.108,0.424,https://p.scdn.co/mp3-preview/4c554257e17d62c5593b5385c119dcbc3e9a67fe?cid=eb369f94677f420293efdba9637315cc
6iAu1ZHWQT8VmSQWZM40m7,0.521,0.354,https://p.scdn.co/mp3-preview/9eed2f824a80746d217da6fc3b9ca36fd289f314?cid=eb369f94677f420293efdba9637315cc
4XQETu7QYGbUhTt68kekOn,0.322,0.805,https://p.scdn.co/mp3-preview/db1c313675a8678c05db577435b9add1225f37b0?cid=eb369f94677f420293efdba9637315cc
1uigwk5hNV84zRd5YQQRTk,0.655,0.88,https://p.scdn.co/mp3-preview/4269dab161fe0a9479aad5f33226e254f215017d?cid=eb369f94677f420293efdba9637315cc
5QMxY59cR4cG0jYSw64E8v,0.646,0.85,https://p.scdn.co/mp3-preview/f9ead44f82e2acd3e0023997fd57241256194cfd?cid=eb369f94677f420293efdba9637315cc
54DU8ahuglhtKUPEZpPWSx,0.295,0.48,https://p.scdn.co/mp3-preview/4c2d27b14be30e2dcd3e80b00faa4e7738da698a?cid=eb369f94677f420293efdba9637315cc
5U2oynMNt5fLByUESvSSTc,0.325,0.976,https://p.scdn.co/mp3-preview/1a4ac296ecfb8191a78c0439370209b2624f84c3?cid=eb369f94677f420293efdba9637315cc
3vyIt7Vm85mowmDV7LTluU,0.897,0.933,https://p.scdn.co/mp3-preview/04aac2bf897d6128ce52d385191962ccaad73f92?cid=eb369f94677f420293efdba9637315cc
6d3RSpbyGeBV6nXYVQPViH,0.97,0.94,https://p.scdn.co/mp3-preview/cbe27c13152b82b69e0871c66c8c39b8b87338ad?cid=eb369f94677f420293efdba9637315cc
2bSNBXRpolOTkNx47eGUO8,0.904,0.595,https://p.scdn.co/mp3-preview/52bb328c48ab7c9a6c009c1ae3c18f287e5123cd?cid=eb369f94677f420293efdba9637315cc
5CFQoWd1c8yuA5KAg75NaU,0.322,0.344,https://p.scdn.co/mp3-preview/140ad31407f398d5a68b9301b088f749f962d383?cid=eb369f94677f420293efdba9637315cc
7GgYmXY3PfDjTiyjUlvF7Y,0.656,0.68,https://p.scdn.co/mp3-preview/1979091dfb192ee10bf41cb6deeb18ba6255ccb0?cid=eb369f94677f420293efdba9637315cc
63OQupATfueTdZMWTxW03A,0.324,0.501,https://p.scdn.co/mp3-preview/2079205a3d8a4d87d504512c5b4019a6a2d29761?cid=eb369f94677f420293efdba9637315cc
1EAfrikvd8UWTykbje9b6J,0.331,0.747,https://p.scdn.co/mp3-preview/b7221fa97660fd6dde9bfda8061dbd03367dff3c?cid=eb369f94677f420293efdba9637315cc
6Xz87GPpMf0LnuG2XjdBbp,0.965,0.924,https://p.scdn.co/mp3-preview/e3e5c7d5294e888a48ce83b5c2bf088502f6d784?cid=eb369f94677f420293efdba9637315cc
3B9CVXsyyFRVQwCPYbhS9m,0.743,0.596,https://p.scdn.co/mp3-preview/ce9859323f17a55acf3c9c9931580266d0ed4ed6?cid=eb369f94677f420293efdba9637315cc
3E8HmzYitePc6aSbmdJTmP,0.34,0.62,https://p.scdn.co/mp3-preview/e9192aa7b939a1f23eb26b8693dac83dd2221c3a?cid=eb369f94677f420293efdba9637315cc
7o44gXtRKzOcCwD0fK1RlG,0.353,0.925,https://p.scdn.co/mp3-preview/5de407b82aeb3eff11433aba3af17b69f3ad66ce?cid=eb369f94677f420293efdba9637315cc
6ursmCnbc9oDRGa2yHKkoZ,0.261,0.874,https://p.scdn.co/mp3-preview/a3b7397847ad377bbf0614d33790a28cefc3ca2a?cid=eb369f94677f420293efdba9637315cc
0k0931j52L3gM7bljc9qo7,0.774,0.638,https://p.scdn.co/mp3-preview/aa0c832b1712a00ad6e8217c7dee5a4a3684f6bc?cid=eb369f94677f420293efdba9637315cc
3bUflsKXxlXvT3EoxfSn7r,0.329,0.958,https://p.scdn.co/mp3-preview/0eee978a7238cec7f638a4119c85ded2cab5e673?cid=eb369f94677f420293efdba9637315cc
2Z0wYj3FALeUxrLtdLYMJH,0.361,0.419,https://p.scdn.co/mp3-preview/54dee2aa43a05ebaa5de283c986be9466831c221?cid=eb369f94677f420293efdba9637315cc
0MRCtCmsGlgrVgGZz6uKRE,0.938,0.716,https://p.scdn.co/mp3-preview/8e519b049526b85a22bf0155411f371bfe894fe3?cid=eb369f94677f420293efdba9637315cc
2eXwR9hQuIU2jRLg0xgKAn,0.602,0.634,https://p.scdn.co/mp3-preview/6b4c0cc5bc04d3b9f3ace11b72ce08f9eaaf3f36?cid=eb369f94677f420293efdba9637315cc
7eAuWMDKjQRnQzO6OyfVUd,0.167,0.503,https://p.scdn.co/mp3-preview/8140c2a932b20258f4671dda89101e7954bc0c48?cid=eb369f94677f420293efdba9637315cc
51hVWGLtmBYhDKfldlp3mc,0.421,0.873,https://p.scdn.co/mp3-preview/6314ceedf8c326489a1e8277c38de52f27495024?cid=eb369f94677f420293efdba9637315cc
1Mp0VnK8tBAjgnkICTO2C2,0.134,0.443,https://p.scdn.co/mp3-preview/d78cb3545f9ca316b40b5287f39f2851c77c0db0?cid=eb369f94677f420293efdba9637315cc
68FPQb43QsZdGdFgey8Zl3,0.0792,0.088,https://p.scdn.co/mp3-preview/1473690e1ba6e06af7e23c731d12f5ae2f2f6737?cid=eb369f94677f420293efdba9637315cc
4Z29DbqTLBDxK1bcx4Nc0T,0.0649,0.888,https://p.scdn.co/mp3-preview/9a195aa7d1650e18fc4b7424d65e84cdd16351fd?cid=eb369f94677f420293efdba9637315cc
4SVb5IXwVJlcsvtEIA76BQ,0.885,0.922,https://p.scdn.co/mp3-preview/f9c9bcba67d64885a032a022c0290cabdc0650e4?cid=eb369f94677f420293efdba9637315cc
76JrvGv3AXciX58uSX1gOY,0.111,0.241,https://p.scdn.co/mp3-preview/420dd7c5df0f0332144f0dbd918551a813c5a061?cid=eb369f94677f420293efdba9637315cc
5dZDQPiC2PGom8Q8pEqKgW,0.326,0.989,https://p.scdn.co/mp3-preview/012700e4a7d24e8d7852b8cbc13600603c4c62d6?cid=eb369f94677f420293efdba9637315cc
5x6ajvVo6J4A4vO10WJFwy,0.0357,0.199,https://p.scdn.co/mp3-preview/25d3460e4dea4804284144d872a03487b4353c3a?cid=eb369f94677f420293efdba9637315cc
4iqsas8M99WFMyOEyRjt9I,0.0953,0.062,https://p.scdn.co/mp3-preview/9f620ddcf4cd5f6c49f60dcdfc1f41b0d69277a9?cid=eb369f94677f420293efdba9637315cc
7FZDGZyS6UFeVLGqtbdf13,0.461,0.536,https://p.scdn.co/mp3-preview/13a68bfb64cd834badf6ae9e0a74745adf7193bb?cid=eb369f94677f420293efdba9637315cc
4fAjUuYdFVbrdSQcgKEUPG,0.551,0.739,https://p.scdn.co/mp3-preview/88c2d47c4a4f1508dd00e5d69cf4baa6e4fae1d4?cid=eb369f94677f420293efdba9637315cc
1YMPBK7iKEy6JH3q0ZovMk,0.591,0.979,https://p.scdn.co/mp3-preview/7e436cf4ab62f19272a90ec90a285eb2a581199d?cid=eb369f94677f420293efdba9637315cc
10o77g0dYINChr9YUD26HP,0.804,0.472,https://p.scdn.co/mp3-preview/2b0816c9bdc81648204d0d65a28519fd4a60f72b?cid=eb369f94677f420293efdba9637315cc
2PjJuEYjyNKXz1ekH6UprL,0.804,0.558,https://p.scdn.co/mp3-preview/0fa236eb02f029d9a79544c910bab6422ec8456f?cid=eb369f94677f420293efdba9637315cc
24zP7HDzOD078cjG0q61i3,0.906,0.585,https://p.scdn.co/mp3-preview/8c658b9117b1454a110684f2709362ff69f2825c?cid=eb369f94677f420293efdba9637315cc
5Bp6JaQQVpU9sdJWARSqQI,0.0306,0.161,https://p.scdn.co/mp3-preview/35a2b9ea9bc0ed8f2ebbf44a57cdcf28518801c0?cid=eb369f94677f420293efdba9637315cc
6iP3HRpbWj0iPd8gTSQgCn,0.712,0.737,https://p.scdn.co/mp3-preview/b4329fed2e92fb2c67705e3c950f96ce612e7584?cid=eb369f94677f420293efdba9637315cc
4SLl2koJsqXzdOB9zUdtBu,0.762,0.822,https://p.scdn.co/mp3-preview/0eef43193467dcc42519f01d0a45c7d7c8ad167a?cid=eb369f94677f420293efdba9637315cc
1PAnGhRo2tHpM2DNibEEe6,0.178,0.149,https://p.scdn.co/mp3-preview/4e3bf65629b98a5b063b36bc2775da62a1ac2b4d?cid=eb369f94677f420293efdba9637315cc
3VqKgyLNDxvGVGtEzBT26E,0.807,0.892,https://p.scdn.co/mp3-preview/b85aa56ac3f6ea8a80ed7bc38702fd5a6d6cd34e?cid=eb369f94677f420293efdba9637315cc
2vNsbBlW91QSe68DcCWrXb,0.0,2.03e-05,https://p.scdn.co/mp3-preview/2d89ba01534584fad08f5cddf65b1b7f47e03abe?cid=eb369f94677f420293efdba9637315cc
3cLVS99dde6vmoEnw395SS,0.299,0.471,https://p.scdn.co/mp3-preview/4346d1a1b8929fcb050a2c7ff6f1c599654a6184?cid=eb369f94677f420293efdba9637315cc
5M1gX3DQvgc7GI6dBWX9FL,0.715,0.272,https://p.scdn.co/mp3-preview/417845d6f97869990461c3f7fa6cb470d2595949?cid=eb369f94677f420293efdba9637315cc
0RstfX9nRY1Lfuy1808MoT,0.216,0.286,https://p.scdn.co/mp3-preview/6800399a99346d433c1fc4356ebc81869993cf86?cid=eb369f94677f420293efdba9637315cc
0HI51VpU4UzollpsFYOeJp,0.357,0.332,https://p.scdn.co/mp3-preview/21ddb5f0b492c3f1600ee1a8da53cb343589f2ae?cid=eb369f94677f420293efdba9637315cc
2cFK03sObtI6AK3QKeOT5g,0.611,0.865,https://p.scdn.co/mp3-preview/0dcb6c9e6f1c533bf57a0e9a21400bf2bf814269?cid=eb369f94677f420293efdba9637315cc
0HKRkyF5yNMFh4qoYDtRCH,0.349,0.811,https://p.scdn.co/mp3-preview/c2578d7cd6a1e0e34047929e70c92a99173ee421?cid=eb369f94677f420293efdba9637315cc
4hmwu3e0flrPY49HpSMSHE,0.836,0.744,https://p.scdn.co/mp3-preview/965137eddbfd2cf1279b4abea0a9b8bc523d8da9?cid=eb369f94677f420293efdba9637315cc
6r76KzO6jDhTnO0oo1ioJ6,0.809,0.618,https://p.scdn.co/mp3-preview/6381673340bfbaf054455454758dfa9161b5ab59?cid=eb369f94677f420293efdba9637315cc
3skRrT9Fu5Imq8gawfuHUD,0.956,0.89,https://p.scdn.co/mp3-preview/7e9a1ac47fb560675de4ee0986c7f6138a5eb39e?cid=eb369f94677f420293efdba9637315cc
5wDFh3bQmCRCnH6miOngrs,0.0939,0.584,https://p.scdn.co/mp3-preview/a5bfcaf329f5ff6d10f543faa213658e8e165c4f?cid=eb369f94677f420293efdba9637315cc
3j1WBK1zvZd0oosBisQoOp,0.311,0.559,https://p.scdn.co/mp3-preview/4818c4ec211874821569ee17c84269c0e89991e7?cid=eb369f94677f420293efdba9637315cc
0b9kzYFHbjuFHqJNiGsw5L,0.427,0.799,https://p.scdn.co/mp3-preview/7be2a93a320c1d096da8bc1a0767b70cfb7988bf?cid=eb369f94677f420293efdba9637315cc
6EDO9iiTtwNv6waLwa1UUq,0.45,0.56,https://p.scdn.co/mp3-preview/f06dde25172503546a3b136fba9822a89866a2d3?cid=eb369f94677f420293efdba9637315cc
29NctYvQKXdQ3i4ZGmYBQU,0.727,0.586,https://p.scdn.co/mp3-preview/330da1bf47fcc655df6b27c3b4dd105b9fbc3113?cid=eb369f94677f420293efdba9637315cc
5eeGG9WuvSiEEsfMfvBmzW,0.734,0.526,https://p.scdn.co/mp3-preview/84a1975c3c5b79a038d4e532ecfa71e1161c6969?cid=eb369f94677f420293efdba9637315cc
0oqgmnOc28UqGKGlVTAkzm,0.512,0.951,https://p.scdn.co/mp3-preview/76c591750bd2e9c2cf51dca934d7dc83db7e5ff0?cid=eb369f94677f420293efdba9637315cc
2Jok6fkKmcP7Lp7XLzQ1wj,0.495,0.762,https://p.scdn.co/mp3-preview/6aaa6d9383f4eaf52cbe1c3d3b7049e330711437?cid=eb369f94677f420293efdba9637315cc
5w9lY4qeCIkiL6IrvYMz0G,0.815,0.908,https://p.scdn.co/mp3-preview/3e1f985e3ddc8d57615c12e9fb52f78634de775d?cid=eb369f94677f420293efdba9637315cc
6LdKmpe4OMYKPBijgI9423,0.459,0.44,https://p.scdn.co/mp3-preview/5fca7985fbab638f19544c91f969c0ea99fb7549?cid=eb369f94677f420293efdba9637315cc
4HQSjQBUNpQxAU0s1OKJoL,0.628,0.639,https://p.scdn.co/mp3-preview/9441f9fec2411ada03278e1a0af8f8feecd501d9?cid=eb369f94677f420293efdba9637315cc
01fFNfzZicmAL8ROZWOiu4,0.381,0.573,https://p.scdn.co/mp3-preview/dc9aff6a69233c5f58a16713fb64ddbc9ae6ef00?cid=eb369f94677f420293efdba9637315cc
6cJLfIqwh0tCKRjYM3WpZ5,0.817,0.711,https://p.scdn.co/mp3-preview/df30c9439484ec752acdf62359d330898ac406a6?cid=eb369f94677f420293efdba9637315cc
1FUVaxINClCjq7glRR7hCY,0.525,0.924,https://p.scdn.co/mp3-preview/a6fad939ee2a275fcf2104b81c3d7d06f540ca50?cid=eb369f94677f420293efdba9637315cc
7g21lXTmZhNx4j2c7Ni6a4,0.939,0.856,https://p.scdn.co/mp3-preview/0d1307eafad58050eea08e411ce30fc2a9e8e2a0?cid=eb369f94677f420293efdba9637315cc
4ldzTjKrcFJ1AxWiZsgZh9,0.644,0.738,https://p.scdn.co/mp3-preview/d389e9b2cf39bee98810590881da9e4825cbca33?cid=eb369f94677f420293efdba9637315cc
1ZcWOSRx4XmCsEbbKD0aJw,0.906,0.519,https://p.scdn.co/mp3-preview/4e102b9214b80a5c68488984d9116c5f3518ba81?cid=eb369f94677f420293efdba9637315cc
6z7IqWoMEvAIfFsiFJQBP8,0.468,0.64,https://p.scdn.co/mp3-preview/9aaf79a92881eb0189aa27ca626d100cce649e08?cid=eb369f94677f420293efdba9637315cc
7h0QlrZFjyebrMceZ3Vlm4,0.794,0.801,https://p.scdn.co/mp3-preview/355f8e2e3a6e518bf59402a8cbc0f73134bc7950?cid=eb369f94677f420293efdba9637315cc
35U4PXL3W3XIkAjEUdhr36,0.921,0.622,https://p.scdn.co/mp3-preview/0aafa343cbf0867db48b5b1e1a76adb1dacca215?cid=eb369f94677f420293efdba9637315cc
1az1aPqB22mxXvn78BM5Hf,0.89,0.107,https://p.scdn.co/mp3-preview/3cf4a4c1f2a7fe36b4427061be081fd2dc91a360?cid=eb369f94677f420293efdba9637315cc
39yCGtosd95ZHkJuMeNWVn,0.326,0.963,https://p.scdn.co/mp3-preview/aa89579f911ef07873ab19740782ff48c44b0f59?cid=eb369f94677f420293efdba9637315cc
1G6OJ29i0BWVXLAF8ds37r,0.0504,0.229,https://p.scdn.co/mp3-preview/ba4db23503afaade4e8333aafc580ba7ec9dd81b?cid=eb369f94677f420293efdba9637315cc
2hhOZHOhRduwUNen4Z72ro,0.662,0.687,https://p.scdn.co/mp3-preview/973e1a3435a5e9938b2433be6a7dcc77955d1c5d?cid=eb369f94677f420293efdba9637315cc
5Z54RgCfhRljLVjPZHy5dv,0.17,0.245,https://p.scdn.co/mp3-preview/77799a3fbca5f83829e7df5d85b6ce00b0081322?cid=eb369f94677f420293efdba9637315cc
3FT5rciS8hsMzTrWNPcKIC,0.526,0.973,https://p.scdn.co/mp3-preview/844700baac1a1e32962d90b05b8a655aadbf5f13?cid=eb369f94677f420293efdba9637315cc
2NAsNNtrnkBMGPXJ6V5cVy,0.515,0.687,https://p.scdn.co/mp3-preview/2c81b58a946a19423a58b4ce1d272d391ef9bd77?cid=eb369f94677f420293efdba9637315cc
1yyhrO8v9JArxVQBl5X9lZ,0.951,0.724,https://p.scdn.co/mp3-preview/d39afbf94218149c4d785da3c7cbdecd9fd05c5b?cid=eb369f94677f420293efdba9637315cc
5iZEeoDhHbFT78Sjt0oGur,0.711,0.726,https://p.scdn.co/mp3-preview/9007bad21364a9dc7e2bb5601685d3f9007dbe29?cid=eb369f94677f420293efdba9637315cc
2IHaGyfxNoFPLJnaEg4GTs,0.737,0.772,https://p.scdn.co/mp3-preview/659374a67e87fcdc8ea1d975f65d3321084f4ab6?cid=eb369f94677f420293efdba9637315cc
5SiFNEq6d7DoY25ZJxal7Q,0.521,0.693,https://p.scdn.co/mp3-preview/b6cfe4e9f0b9b44c1ccc3d5a4c56c87cfed01d2f?cid=eb369f94677f420293efdba9637315cc
5jiADQVqIuJmCE7hrhhUDU,0.102,0.7,https://p.scdn.co/mp3-preview/2e1eaf78d14f27756a880b3b6e17c8cb5b3417ab?cid=eb369f94677f420293efdba9637315cc
0zf1BQJ4om2qU0W9muvnLn,0.134,0.16,https://p.scdn.co/mp3-preview/df7e7579092bdf480511469d98cd69da4c2dbca0?cid=eb369f94677f420293efdba9637315cc
39YNVs04932HUztTFdS7F8,0.348,0.73,https://p.scdn.co/mp3-preview/e5d2a733914200e94ee5cb94c17944c4014f87af?cid=eb369f94677f420293efdba9637315cc
1Dgv7NVyfjffh2wQ6mseT1,0.0675,0.532,https://p.scdn.co/mp3-preview/f8064dc2e1bdabebd09f64c2b3d507bfe6ff04e6?cid=eb369f94677f420293efdba9637315cc
1NvlEwBU8cuMoEP4M1BugF,0.131,0.225,https://p.scdn.co/mp3-preview/24f073e04c79167c8ba26b8bd3923620a0790585?cid=eb369f94677f420293efdba9637315cc
5oUiTMh3eRmt4hSWrYSZAZ,0.565,0.951,https://p.scdn.co/mp3-preview/9443935c2233f21467a98ce75c4da35f6fb254ba?cid=eb369f94677f420293efdba9637315cc
4pIiKrGXCgTZOAFGJjCEvL,0.696,0.388,https://p.scdn.co/mp3-preview/5cc814912f437ac8fc78500472c0e6996e267664?cid=eb369f94677f420293efdba9637315cc
5SuuIiMavLj9kvLqp2Obph,0.859,0.717,https://p.scdn.co/mp3-preview/85cb4228009e884297ca77916249fc7875ceeb0c?cid=eb369f94677f420293efdba9637315cc
5JXCa1SjGCgTbN3yFzblYS,0.575,0.56,https://p.scdn.co/mp3-preview/ac62c2c6cb59794a269e007f55fa48577a31c286?cid=eb369f94677f420293efdba9637315cc
2Nlscuog6PEPrWW4FWjKs8,0.326,0.218,https://p.scdn.co/mp3-preview/bcaa6dfe025c5dee24f0c0ac157059bf61e06502?cid=eb369f94677f420293efdba9637315cc
2rVkye5ARM6io0p6xoKyDF,0.796,0.472,https://p.scdn.co/mp3-preview/4e177f291e27b4eb95fe9d60231f6ca42cf79df3?cid=eb369f94677f420293efdba9637315cc
40S9JPunfNtRXLP1AsIpNj,0.475,0.499,https://p.scdn.co/mp3-preview/405ddb4e668b5ddd795490052868b7007ecfd399?cid=eb369f94677f420293efdba9637315cc
5RAfJM5qFlh2t5DXgrhUCP,0.836,0.477,https://p.scdn.co/mp3-preview/5e8005c65c4df047fc6b09b491761c8a0ba66081?cid=eb369f94677f420293efdba9637315cc
1tBVMHom1wGGif0SnLbzRy,0.645,0.851,https://p.scdn.co/mp3-preview/a6761d86208751e1887dc2a43a029de9ebc2e2bd?cid=eb369f94677f420293efdba9637315cc
4Kta2gnhM1jmwDSIooMiHn,0.773,0.414,https://p.scdn.co/mp3-preview/3aa8e9e21d624a2919c80bf8133ad54e053436ab?cid=eb369f94677f420293efdba9637315cc
2H6JeFaiMo6XIYBxdMVHxj,0.592,0.676,https://p.scdn.co/mp3-preview/2440f04dbe6e27a739dedb3560bfb5d98014420f?cid=eb369f94677f420293efdba9637315cc
4qbi9JDziBh3cxi9SFUbeu,0.775,0.819,https://p.scdn.co/mp3-preview/b10162d2299f533fa792bd2433ebf2f6f68b41a9?cid=eb369f94677f420293efdba9637315cc
4mPwqe3Z9ow3DdnceAhHYG,0.517,0.763,https://p.scdn.co/mp3-preview/ca0b7291e06bfcbbcbffeeee5e80efbe426ca1cb?cid=eb369f94677f420293efdba9637315cc
1idSjEVsZTtAoGbIvJs4Wy,0.944,0.849,https://p.scdn.co/mp3-preview/82324f88d1285f2843a8a5409a9eea778bd6697f?cid=eb369f94677f420293efdba9637315cc
1dMBNq9D2yK4OHuaCKMa76,0.351,0.0582,https://p.scdn.co/mp3-preview/99e3c9f418dd670b44dc5760528f75338ba94ca6?cid=eb369f94677f420293efdba9637315cc
0PJDYtpq8UIi2a3pCwOONd,0.283,0.325,https://p.scdn.co/mp3-preview/7f81574a5d465fe9d1c282ccd5dc94e23b52aa6c?cid=eb369f94677f420293efdba9637315cc
1UzToWI08oeALYHDnLJtEu,0.968,0.864,https://p.scdn.co/mp3-preview/f0bf9b5e62a1e40e67ac6459706c2a9c1cf2dfc1?cid=eb369f94677f420293efdba9637315cc
6asQj4fkjQw92XUkoHiukh,0.67,0.667,https://p.scdn.co/mp3-preview/495156f49c7b524450196a2c366747dc8cc92f23?cid=eb369f94677f420293efdba9637315cc
4LI8U6ORaHwNwgAXX2QqIP,0.962,0.789,https://p.scdn.co/mp3-preview/9177a12082b1d9351c2621da2eeb6455d57f6e7a?cid=eb369f94677f420293efdba9637315cc
2FuqRe4HIfExMP9noBUoZN,0.0415,0.606,https://p.scdn.co/mp3-preview/1e862a5f097282b2da6a9714ef410ac5566881d7?cid=eb369f94677f420293efdba9637315cc
6qnUKDSvuavFerJJSLGZyG,0.375,0.592,https://p.scdn.co/mp3-preview/e72a979c61bcd1f2e087161bd3f75b8f706b7626?cid=eb369f94677f420293efdba9637315cc
4sCcDvX30uu39ozvxcRsqB,0.551,0.818,https://p.scdn.co/mp3-preview/32b5b169e734241eef484663519da96c3eafbb2f?cid=eb369f94677f420293efdba9637315cc
4ZtkIurvcUISJjY5CiTz6y,0.932,0.849,https://p.scdn.co/mp3-preview/48321aa19f9082528ba156c22d50f64087b52881?cid=eb369f94677f420293efdba9637315cc
7CiQkszuCFXCPQYlQRPFOb,0.0742,0.407,https://p.scdn.co/mp3-preview/f30e6c2ba37d390d0c9b8d0e74e134c130d17db6?cid=eb369f94677f420293efdba9637315cc
2O7NzwAmSAoFyuX4P3jVUl,0.514,0.311,https://p.scdn.co/mp3-preview/b5a67622be7bc37b460e5fea8cf7b0b994563fda?cid=eb369f94677f420293efdba9637315cc
2xhGZ3WzOa3tir28y7Cb88,0.409,0.36,https://p.scdn.co/mp3-preview/da0bfb90bb1addda79598079403a3236430fbcca?cid=eb369f94677f420293efdba9637315cc
0pqfp38KgVkmkZSFjeYtRF,0.594,0.967,https://p.scdn.co/mp3-preview/325399ac94b174c7bab5a7c9ab7a73278e00321c?cid=eb369f94677f420293efdba9637315cc
4c9ygoZeMOjvu3uoLpIsl6,0.307,0.44,https://p.scdn.co/mp3-preview/cedfc592b923065c30e531036ca066f3a0e50e42?cid=eb369f94677f420293efdba9637315cc
7tOl19Rwv41c5ERDWvfBWp,0.826,0.69,https://p.scdn.co/mp3-preview/4befaf33d9250bbaae71eee49c9b68ec22966741?cid=eb369f94677f420293efdba9637315cc
5s2FHfPVYuY0JvuAURlpmp,0.153,0.866,https://p.scdn.co/mp3-preview/9c9baf1dfba30fe45f0919a4377f350c4150328a?cid=eb369f94677f420293efdba9637315cc
3Dzp4DXfyV76A63cnpUzPj,0.319,0.692,https://p.scdn.co/mp3-preview/a3dcdd90cabbb7fc8ace6eb71ebfd8da312fd447?cid=eb369f94677f420293efdba9637315cc
2cNiej42Xd26nrpMgmNV1g,0.234,0.132,https://p.scdn.co/mp3-preview/abca8a3a771e1949825a94c15cc35707e2b5ce42?cid=eb369f94677f420293efdba9637315cc
5S7EeRgYr2T5EqqHhxY6YD,0.29,0.88,https://p.scdn.co/mp3-preview/e18c014a252c425a889caf49b244b60a6eea94c8?cid=eb369f94677f420293efdba9637315cc
4XLVg8qERMwZBy0HHr2DdW,0.603,0.713,https://p.scdn.co/mp3-preview/1f1cb7d73e7079e7c4f1116c80e30593a7ee17e3?cid=eb369f94677f420293efdba9637315cc
0mpMW3nRwpCasH1phB9c2o,0.44,0.539,https://p.scdn.co/mp3-preview/45411528cf1d3b6388c6067bb66a9e535bf4f2ce?cid=eb369f94677f420293efdba9637315cc
31jC6KX8ESF4zw2vcXgiH1,0.652,0.79,https://p.scdn.co/mp3-preview/235c04fedcaec7d2911be3f57f7d1773c869103b?cid=eb369f94677f420293efdba9637315cc
2ERG0rdikiQy2858baYqV5,0.694,0.885,https://p.scdn.co/mp3-preview/d42ab46fb6d70ca773f4bd4f0b9ad17567ed8fac?cid=eb369f94677f420293efdba9637315cc
7A2Nh1ty5KljKtbFsHv9GZ,0.754,0.427,https://p.scdn.co/mp3-preview/3c3f6e8a7c6181d62409b69643e53ce48dd0f103?cid=eb369f94677f420293efdba9637315cc
3jWbhr0l8SfUA37Vkj6iqW,0.358,0.656,https://p.scdn.co/mp3-preview/960174250f04dd862895490fdfd88e3b1a107f9a?cid=eb369f94677f420293efdba9637315cc
6BGTLwYhPmKJTtpY6xgju2,0.515,0.437,https://p.scdn.co/mp3-preview/8b9df572332d58fa4b47a23d669929fb77efaec2?cid=eb369f94677f420293efdba9637315cc
2xPctWqifw9765P9OgX6zW,0.34,0.694,https://p.scdn.co/mp3-preview/9ea74a6ca805bceb6b4e8a581c1c992716c6b272?cid=eb369f94677f420293efdba9637315cc
4UIknV675sWuDDSmZ0PVbC,0.858,0.97,https://p.scdn.co/mp3-preview/6aadbe55627d8da47b419bed7dbcef11fc287fa8?cid=eb369f94677f420293efdba9637315cc
2N7xaeH8rNjg0jD7svVFjz,0.287,0.736,https://p.scdn.co/mp3-preview/33ff0e1ce5ab71fede095eeb4c1f34add23269a3?cid=eb369f94677f420293efdba9637315cc
1qYYruLP1FATpnZxPMHUut,0.562,0.309,https://p.scdn.co/mp3-preview/d1545b6a817d556e6707afa228c88b684d0b540a?cid=eb369f94677f420293efdba9637315cc
4AhNBBXUpzfYk4kgJemoDC,0.133,0.964,https://p.scdn.co/mp3-preview/15bec3c628a32863a868e46f2f1ffe5a9f133678?cid=eb369f94677f420293efdba9637315cc
7eEQwfbAfadIp0XEMPeVEj,0.485,0.851,https://p.scdn.co/mp3-preview/a5b8698bbfb65a0ddf2001975a0e068b23ee9356?cid=eb369f94677f420293efdba9637315cc
6HJgtZbak1dQaiPf5W2k4E,0.154,0.738,https://p.scdn.co/mp3-preview/b9c566fbe1c51e0ebdecd3e0835c20ad4f073a90?cid=eb369f94677f420293efdba9637315cc
7s041G2EuRCrEgjlQtdKgH,0.682,0.328,https://p.scdn.co/mp3-preview/1b6482dcb510e77d07f372adc56dc05e8a321114?cid=eb369f94677f420293efdba9637315cc
3SLHDuEf8RCAGHmdh5tr9u,0.898,0.72,https://p.scdn.co/mp3-preview/3b62eb755d6d3d09a2753ad51300f323961d1166?cid=eb369f94677f420293efdba9637315cc
77j9SlhRd4MBGU998c7dnw,0.543,0.131,https://p.scdn.co/mp3-preview/4cca2bf20f9db95c1c3987795d37fbf931cdca33?cid=eb369f94677f420293efdba9637315cc
7boKwFzemklGVqNkqhVAY1,0.631,0.93,https://p.scdn.co/mp3-preview/56cedc2653bd362620d854e2c57702d437c6da9c?cid=eb369f94677f420293efdba9637315cc
1NPk0Y7AkLvirhSg4oI0bM,0.902,0.729,https://p.scdn.co/mp3-preview/d74e1f9231a604375ff1a6088d2714ab3e4f4a58?cid=eb369f94677f420293efdba9637315cc
41JLeAkwHqFQwmIHEqHc1a,0.848,0.493,https://p.scdn.co/mp3-preview/edf51f8c3c795bf8f669d9ad0df44a2a3043aff6?cid=eb369f94677f420293efdba9637315cc
6ad10kjPhLwQgdfQRtkVhe,0.093,0.785,https://p.scdn.co/mp3-preview/5e6a77b4c203fe2f5448024bc3473c3db8558513?cid=eb369f94677f420293efdba9637315cc
2teSLnlDwFbAFza8rZihj0,0.714,0.539,https://p.scdn.co/mp3-preview/3d4578d72b9067ef0824a37a112a6c77bb08c901?cid=eb369f94677f420293efdba9637315cc
5qtSZaAkBrng5kGpqVMo64,0.862,0.79,https://p.scdn.co/mp3-preview/851d773e86f8df6dc7ca7bd45f001dca704d813b?cid=eb369f94677f420293efdba9637315cc
2fT0mFfdTEp29oVeiDeZLE,0.931,0.569,https://p.scdn.co/mp3-preview/779e935a04191b8d98637d262f406108c07033e5?cid=eb369f94677f420293efdba9637315cc
6XSLju3KymWQh4GrUmo7N5,0.591,0.153,https://p.scdn.co/mp3-preview/e44c344fa27f860afd43c5d276feca797b13ca64?cid=eb369f94677f420293efdba9637315cc
1f8upakmMaN49wRu51MJCX,0.748,0.471,https://p.scdn.co/mp3-preview/bde5ef1df6e01cb0ce647c2f338a66825255046e?cid=eb369f94677f420293efdba9637315cc
3jOLDRqxIesrtij6eon89B,0.0338,0.597,https://p.scdn.co/mp3-preview/326901ceeef72822ee5023f4d6a2082e7a96bcf9?cid=eb369f94677f420293efdba9637315cc
11sC0rKY4O7CYfEk551Ee5,0.756,0.86,https://p.scdn.co/mp3-preview/58714e4c5402ec75b8856fcc77b2002b0199dd63?cid=eb369f94677f420293efdba9637315cc
76jzIaoKJbmSUsj403kRAW,0.775,0.798,https://p.scdn.co/mp3-preview/0759ab1ede27b34791fa317ed70a0bddd985b454?cid=eb369f94677f420293efdba9637315cc
13CVSGLSFl4UxpDVR6u3dq,0.134,0.253,https://p.scdn.co/mp3-preview/6a4c8a7cccf121cfee1dfe71a37723b5970a76fc?cid=eb369f94677f420293efdba9637315cc
3v40ZfXMtNrA6jyVPr14iP,0.243,0.973,https://p.scdn.co/mp3-preview/72eba3408a58f7d8c05db098060c53bc54977c02?cid=eb369f94677f420293efdba9637315cc
3WquUOQuUHIJc7l86FGA52,0.636,0.968,https://p.scdn.co/mp3-preview/d14905c4173c738e88ea20c69f428bcf50cd7c6a?cid=eb369f94677f420293efdba9637315cc
3ShMfVYb97EAhZ16HZzS25,0.503,0.198,https://p.scdn.co/mp3-preview/029a143d3b6adf00a49547ae47aa004a3701635e?cid=eb369f94677f420293efdba9637315cc
5HWXltM92c8yp0NaOJmB2t,0.202,0.0754,https://p.scdn.co/mp3-preview/f7312c2a75a5181460e0d59341889870e457ca81?cid=eb369f94677f420293efdba9637315cc
74KYlX8spYdydEcXQ72tud,0.595,0.795,https://p.scdn.co/mp3-preview/9b48fdb665ac5e5674be58fce982daa6fc02bb48?cid=eb369f94677f420293efdba9637315cc
28r5Yn3BHzgrefr2fhxi9C,0.676,0.834,https://p.scdn.co/mp3-preview/2d03ab677f7f9d9dc6ad42d24ddd34f6083d5fee?cid=eb369f94677f420293efdba9637315cc
3vtSBUW15bXapWOaByIo06,0.776,0.788,https://p.scdn.co/mp3-preview/29fedf1f8a1b2b019b305329835701e230a96bcf?cid=eb369f94677f420293efdba9637315cc
0K2yX5bNS5U2VbUE4wncvR,0.323,0.288,https://p.scdn.co/mp3-preview/179bd1f09cee7884377b79dda70aa2b7ef35b386?cid=eb369f94677f420293efdba9637315cc
2MSvdhhOadGJ3mIvwGixkW,0.336,0.933,https://p.scdn.co/mp3-preview/f61f40f6f7477dcdf1416699414c628a3bf929a2?cid=eb369f94677f420293efdba9637315cc
4t6RRtH86AHuTZQ8x4yBPb,0.282,0.0504,https://p.scdn.co/mp3-preview/7bedbc3603c3052310b9369ba0f029173ebd7ed3?cid=eb369f94677f420293efdba9637315cc
7aremNTdmGYyLpVr8bwg6s,0.664,0.818,https://p.scdn.co/mp3-preview/70ebd1abd160fa2b1d0a249adf589addf893bb17?cid=eb369f94677f420293efdba9637315cc
6HTxZGspnD9hpqA7bNbucE,0.039,0.113,https://p.scdn.co/mp3-preview/4f5442c1366ad7d80ed8f4a13a30fd5311b28394?cid=eb369f94677f420293efdba9637315cc
28nlAV0NMJczJRP3svBLbz,0.51,0.712,https://p.scdn.co/mp3-preview/f3ada0043c95ff7789763069cdac77bdb68fb18b?cid=eb369f94677f420293efdba9637315cc
0WT7k67MaDmKUDrDGpcN2q,0.452,0.932,https://p.scdn.co/mp3-preview/041e28b2aabbb72606ae1f4697f0cc5824f0e1f8?cid=eb369f94677f420293efdba9637315cc
6hae4FKhe6GE6VPjo9avaB,0.233,0.992,https://p.scdn.co/mp3-preview/7aacff95a90e7ba4c16c57fb4c5f441aca76145a?cid=eb369f94677f420293efdba9637315cc
3rMzu3VJTMClddW4wwDTCO,0.856,0.644,https://p.scdn.co/mp3-preview/8ee0ec8c0a1838aa07f8a8d64c8b3fefbcf60a0c?cid=eb369f94677f420293efdba9637315cc
1b0Ysj1GSYYA1liar5pSzC,0.393,0.566,https://p.scdn.co/mp3-preview/6180f6601a49456ee41bc590bad471d8b942d20a?cid=eb369f94677f420293efdba9637315cc
6AtpT1NzEgXmimb8x5kt3p,0.626,0.678,https://p.scdn.co/mp3-preview/d29cc3ddf67e1d8bbad0f5f2db32d0ab680be8ed?cid=eb369f94677f420293efdba9637315cc
1A9A1GJIfRI2yTVCfECiMc,0.585,0.765,https://p.scdn.co/mp3-preview/a6c04bd14042703292939b3c1a92e9c89cdc4d8b?cid=eb369f94677f420293efdba9637315cc
682XjN6L1Qhs5rXbuGSQKK,0.38,0.362,https://p.scdn.co/mp3-preview/995d4862d41f218f074a7d059100361921f167f9?cid=eb369f94677f420293efdba9637315cc
51MtbmuAK535PtzsF7Xv8J,0.475,0.615,https://p.scdn.co/mp3-preview/d0d28587e8d4891b2a6bfb090997257f96fa4928?cid=eb369f94677f420293efdba9637315cc
00XJssFVpf6hUFSFCDy4DD,0.515,0.92,https://p.scdn.co/mp3-preview/2c28c6579c4e3c835492e125369d6bfc8780cfb4?cid=eb369f94677f420293efdba9637315cc
1Ekbk1xLtgdwRe3zYfPh99,0.905,0.977,https://p.scdn.co/mp3-preview/153a97e5e75f75b126cefafd97d0f0ad8b71fad0?cid=eb369f94677f420293efdba9637315cc
57a8sOc39lnCZzEmRWppce,0.415,0.767,https://p.scdn.co/mp3-preview/0c073891fc6e7dcc5c2bec42e7307a301f113859?cid=eb369f94677f420293efdba9637315cc
2BjoGPFPgnSTRwWjFWXGxI,0.768,0.547,https://p.scdn.co/mp3-preview/67d3d802812f3802ab01450e3897732edddd0177?cid=eb369f94677f420293efdba9637315cc
2gYqdEs14iQc2cDpF94zfh,0.0582,0.905,https://p.scdn.co/mp3-preview/e4de86faf2218883c71528b77453cdaf4c6a29d2?cid=eb369f94677f420293efdba9637315cc
0ktHIWiNl4NaVyUAXMbRyf,0.241,0.657,https://p.scdn.co/mp3-preview/d4e8f11d4a261cd311000daa02d3912200e8a990?cid=eb369f94677f420293efdba9637315cc
5vmRQ3zELMLUQPo2FLQ76x,0.939,0.584,https://p.scdn.co/mp3-preview/6691b4bd53b3d136d447bce436fabb1631fbbe43?cid=eb369f94677f420293efdba9637315cc
4Wbh7p5uP5kTw1lazb15Yc,0.934,0.761,https://p.scdn.co/mp3-preview/2caddb25d04fc87b0ff037de718d1f48d766f2d6?cid=eb369f94677f420293efdba9637315cc
5Bo4xsbSuTqBAkxTIa3MIG,0.603,0.271,https://p.scdn.co/mp3-preview/e47685c35576475210e4cb336e5bdc5ba03d2041?cid=eb369f94677f420293efdba9637315cc
4Zh7R0yX6T5QehcTtdC8Uw,0.813,0.715,https://p.scdn.co/mp3-preview/a526e2068d3bdcc7ebf2b43d9d89330869cc2155?cid=eb369f94677f420293efdba9637315cc
3xXV4j3vtCe8GsmMrdokGh,0.959,0.803,https://p.scdn.co/mp3-preview/a0b36502cf86d9fee720b44ded496f1ddef5311d?cid=eb369f94677f420293efdba9637315cc
5Fcra9ACDSDT1IB4z9SOgm,0.139,0.787,https://p.scdn.co/mp3-preview/4972081d6df05cfee80633978850e55c5b48c331?cid=eb369f94677f420293efdba9637315cc
1wQL1hqKJNlOZr5vVgIytr,0.786,0.379,https://p.scdn.co/mp3-preview/3fa7ce3397568c98496ed48ddf7359fe441d412a?cid=eb369f94677f420293efdba9637315cc
04jkk9HM7mTlCNTYhWUZBx,0.588,0.615,https://p.scdn.co/mp3-preview/ef70233a10c4f583a38a5a7c711a15ef284af569?cid=eb369f94677f420293efdba9637315cc
5BYIkn8n2YBqgZSOAUgKMd,0.576,0.401,https://p.scdn.co/mp3-preview/f64defa685ab2e904a867cbe55f457bfa2c43dc4?cid=eb369f94677f420293efdba9637315cc
17b9gnwdOzZgQ1VBiaFYup,0.968,0.391,https://p.scdn.co/mp3-preview/8044605710aca6dfadaef9b872a7e3a768a8c1aa?cid=eb369f94677f420293efdba9637315cc
1Ptf4L3HaO3Pa9ZvkK1HAg,0.972,0.93,https://p.scdn.co/mp3-preview/987e9316e53de26163c83e2fa27ff6013b031fd6?cid=eb369f94677f420293efdba9637315cc
7yPgRhyTo1wXGPGqGJ2xvZ,0.621,0.527,https://p.scdn.co/mp3-preview/9bcd937a97784dff35b70f45cd59eb73a9c8da45?cid=eb369f94677f420293efdba9637315cc
1aGx8NgFcC1SO6KP8WiMKa,0.783,0.804,https://p.scdn.co/mp3-preview/14cba978a253d4b1ccba12ab03fb9cce12bc45a5?cid=eb369f94677f420293efdba9637315cc
1l6nXc1niVewTIfgnlxgGh,0.702,0.721,https://p.scdn.co/mp3-preview/d80594aaba2ff98f40f8c17114c4f912ec63000d?cid=eb369f94677f420293efdba9637315cc
3fkY8nmdBxYIEYxVxl890n,0.91,0.71,https://p.scdn.co/mp3-preview/d5bb3102b2443a07d45a6ef2e74034f264a4e9af?cid=eb369f94677f420293efdba9637315cc
2KAzG49Cr9OLbQiMNmhONn,0.844,0.589,https://p.scdn.co/mp3-preview/de702faeffd288ae2e5f120449c95a24c85f3255?cid=eb369f94677f420293efdba9637315cc
5fz5MpkCMxmkwmnPCelvaK,0.933,0.312,https://p.scdn.co/mp3-preview/d8449c5d415fc9aff387402fdda04cf6dc5289b0?cid=eb369f94677f420293efdba9637315cc
0paNrA7xVl2mEVIHW62Gvv,0.716,0.641,https://p.scdn.co/mp3-preview/343686e96d4d797eb445e26d946082f522f4a16b?cid=eb369f94677f420293efdba9637315cc
4ptPiH5pwgLj2M2gFhu0uz,0.664,0.369,https://p.scdn.co/mp3-preview/604b90dd28779167686e4e6356f6143997659b9c?cid=eb369f94677f420293efdba9637315cc
43fWuA5ZjByrpHNr1KZoRz,0.773,0.575,https://p.scdn.co/mp3-preview/322ddb6216d2f350f05a585d7e8172946fca0f32?cid=eb369f94677f420293efdba9637315cc
1xUXu6NZ2tcP9GQ429kaUJ,0.796,0.618,https://p.scdn.co/mp3-preview/01d107edb86c570a96b53645cb1675dbeb9ebc5e?cid=eb369f94677f420293efdba9637315cc
1Eh51pkjrb2fLHORA3snaw,0.796,0.61,https://p.scdn.co/mp3-preview/694a884a1d5e241805ce4e76303ef2d287b661a4?cid=eb369f94677f420293efdba9637315cc
4Hzss8q0jDWa2PjXDGqYZL,0.0282,0.399,https://p.scdn.co/mp3-preview/d12ed55091de637043faf48b76e9f0bef2c36830?cid=eb369f94677f420293efdba9637315cc
1mMLotALPV8n1vRc6YAbzh,0.411,0.148,https://p.scdn.co/mp3-preview/99905886c3f35c7610b22bd7888b38f7d81eb52c?cid=eb369f94677f420293efdba9637315cc
5HpTaJd4IwfMYkgwUmHU2E,0.287,0.986,https://p.scdn.co/mp3-preview/1fff0e8a5e9e3fa9eb7896cf0587170b0943d621?cid=eb369f94677f420293efdba9637315cc
2ObQGEhR0CttA4MjLYktIj,0.295,0.216,https://p.scdn.co/mp3-preview/d5a57931ae6101aaa02b23b4041456c0b04d5c98?cid=eb369f94677f420293efdba9637315cc
1AluskjFqJEP2WVOAEryBS,0.57,0.539,https://p.scdn.co/mp3-preview/0bd6bcb296db7a5ccdcffe8bd95730545a160186?cid=eb369f94677f420293efdba9637315cc
4kadqVh0yCzjpsbFvvtafG,0.472,0.489,https://p.scdn.co/mp3-preview/10a19f284a32205140984b68d2dc31232a8e9ea3?cid=eb369f94677f420293efdba9637315cc
3YpuQOhoAqxzH2iaU3a68q,0.217,0.977,https://p.scdn.co/mp3-preview/2a140c5154d8b478f12f0fd456e0c0fc44b1178c?cid=eb369f94677f420293efdba9637315cc
3VGna0Rewe9Mzvrdycsyg2,0.614,0.468,https://p.scdn.co/mp3-preview/c89e5d9f939fe6a85f63a3c795ab8f90f94124d6?cid=eb369f94677f420293efdba9637315cc
0ZP2U0OV3M0BdbHOm7f2gU,0.384,0.609,https://p.scdn.co/mp3-preview/3c0e8dabbd9da27473b250d8f0c68ae41006d16e?cid=eb369f94677f420293efdba9637315cc
5rmbMfn4l6pZdTypbJ5FYc,0.966,0.912,https://p.scdn.co/mp3-preview/292043d90c167e3fec4d26c94a3b943ad7931967?cid=eb369f94677f420293efdba9637315cc
2lxBZVbkiCXC1soks2RXwV,0.392,0.14,https://p.scdn.co/mp3-preview/704aec67a39a4717813ad1a632d93b326eb9e4a6?cid=eb369f94677f420293efdba9637315cc
0J1liGDnOXmBAoktvSBdM1,0.511,0.718,https://p.scdn.co/mp3-preview/07cdb4e42e83064c5e1f23d1ba414278d084a914?cid=eb369f94677f420293efdba9637315cc
5XlzAyqqljr0f5p8wX1ycf,0.112,0.401,https://p.scdn.co/mp3-preview/b198b6fe22b4775837c902b1b96e5235fbe7abf9?cid=eb369f94677f420293efdba9637315cc
3FKi5WRPoafaARRScDJgJc,0.0304,0.0631,https://p.scdn.co/mp3-preview/4f218e4b63fefe05341182248b5f941a6b1ecaef?cid=eb369f94677f420293efdba9637315cc
37QSyuBpe17Fi5Mu6q8WPS,0.367,0.889,https://p.scdn.co/mp3-preview/c05a4a67dabbb0ed657611c57173db6af4b29e0d?cid=eb369f94677f420293efdba9637315cc
2ekZ9jDwOK9wYJ2XbhajjY,0.522,0.554,https://p.scdn.co/mp3-preview/91a83617b995cbc57c354a86840ad0a0137b7d47?cid=eb369f94677f420293efdba9637315cc
6g5xYif6Sxy7W4a2AWF9oY,0.444,0.783,https://p.scdn.co/mp3-preview/31db31e190a84dc1b8aa13dcc9f74d6935959631?cid=eb369f94677f420293efdba9637315cc
6Vjb3iHeWXbemVVOIVA6OQ,0.0658,0.961,https://p.scdn.co/mp3-preview/75c7f19c10b22daf75b0c8449e752822104e7a47?cid=eb369f94677f420293efdba9637315cc
7snDJE0XjfykF0cLs5bota,0.545,0.952,https://p.scdn.co/mp3-preview/86432bb0f5d0d3510571fa4e10ba4f6038969672?cid=eb369f94677f420293efdba9637315cc
7FXee3BOVk3huvTPfAz1IL,0.387,0.299,https://p.scdn.co/mp3-preview/ae0dd60ed5bd5f6b21df754734866245323f1e50?cid=eb369f94677f420293efdba9637315cc
2M6FEnvGrs0t9qQzHu64NX,0.641,0.948,https://p.scdn.co/mp3-preview/c3bc969dbffea4c7c0978afdbb2d52b952b32e5a?cid=eb369f94677f420293efdba9637315cc
1VcUS9RoRpcJx6HhZ0gQIV,0.396,0.635,https://p.scdn.co/mp3-preview/f4da007d6fa768356f64cb8fb0319e26b1d93937?cid=eb369f94677f420293efdba9637315cc
6bCbTzbCzv99CWW4U3SXeN,0.875,0.951,https://p.scdn.co/mp3-preview/dc4cc2573a01f100d57e48b0cc9179fa7f166844?cid=eb369f94677f420293efdba9637315cc
5gZrfMHRAzVfM66YyWXUs6,0.802,0.734,https://p.scdn.co/mp3-preview/e35cb8f4474ee6c56d92eaf6fe833737e1ddc1c7?cid=eb369f94677f420293efdba9637315cc
1S3I2Xe2bCTi6ZqkzZOF0d,0.382,0.491,https://p.scdn.co/mp3-preview/218bf15375da0f2a9bfb0d04e884d3673e4efae7?cid=eb369f94677f420293efdba9637315cc
5euMTJfpQYrYcIraXO6LT2,0.599,0.723,https://p.scdn.co/mp3-preview/4433ad85e7f36af85892b2849bc669aa440ac494?cid=eb369f94677f420293efdba9637315cc
7neWp4incUBLP1XQTNWmP0,0.665,0.927,https://p.scdn.co/mp3-preview/d4c642a2499969db475464e65b23c5a3be9e33e9?cid=eb369f94677f420293efdba9637315cc
1RcWWgnw5fVm3wcNq11zBu,0.745,0.971,https://p.scdn.co/mp3-preview/c6f158ef7e96e1cac23a5476d71745ce02c3f983?cid=eb369f94677f420293efdba9637315cc
6PQ6L9XaDZHHoguYOBZOXy,0.324,0.416,https://p.scdn.co/mp3-preview/c379f51113b9519b3fe1b5a5ae7e4cf379605c1c?cid=eb369f94677f420293efdba9637315cc
6ZBiXweylRlROqwP3ODYgw,0.697,0.731,https://p.scdn.co/mp3-preview/f40ba752fd9a6490607bf470be94cfece57f3775?cid=eb369f94677f420293efdba9637315cc
6HXDbCTxg77WmXb18qwJLz,0.419,0.238,https://p.scdn.co/mp3-preview/2d880748948a031bf00b0249a2a5779bcb6b104f?cid=eb369f94677f420293efdba9637315cc
0ENV8cY0bwun9qSQkh195f,0.156,0.485,https://p.scdn.co/mp3-preview/70f63141e9bafd7bfb23fc0909e69435b2bb98c9?cid=eb369f94677f420293efdba9637315cc
3efj95Oob9ERN0oL3JvRjj,0.918,0.789,https://p.scdn.co/mp3-preview/2ea7a8535c194f21be78f39a884da034a6a36fbc?cid=eb369f94677f420293efdba9637315cc
20kEaNelF62CrNOxZlhNHa,0.581,0.585,https://p.scdn.co/mp3-preview/40fc06e1695e0349ab2bccb4d2ffafc7eead8b65?cid=eb369f94677f420293efdba9637315cc
0A8ZgkjgV2WMjJGEingvHm,0.666,0.635,https://p.scdn.co/mp3-preview/6f74f7b809ecc42c23f0a13436ab56acf6dba6dd?cid=eb369f94677f420293efdba9637315cc
2QgAmr8sVBoYrzrqeIMXot,0.447,0.139,https://p.scdn.co/mp3-preview/a120ca098a74f062626a5bacd11aade7b466bcb8?cid=eb369f94677f420293efdba9637315cc
1Mhf6QIO0UuVr2ZvQPgymt,0.235,0.298,https://p.scdn.co/mp3-preview/ef14047d8bb2291ad35b6eb48f6e7b833112be43?cid=eb369f94677f420293efdba9637315cc
7AFqSqAmR7W9ptABWRSb5g,0.708,0.981,https://p.scdn.co/mp3-preview/d0404649477a7efc6e8573fd1339dd912a472484?cid=eb369f94677f420293efdba9637315cc
4YwtNF7PtbvsyYWz0QAzPy,0.226,0.242,https://p.scdn.co/mp3-preview/9f399113b824370aa0ac8a3deb0495ef085f0310?cid=eb369f94677f420293efdba9637315cc
6Di0ZM5lts34FhpRhPwt28,0.813,0.715,https://p.scdn.co/mp3-preview/a526e2068d3bdcc7ebf2b43d9d89330869cc2155?cid=eb369f94677f420293efdba9637315cc
4rhaDfV9y5UvGZ67BT8U35,0.82,0.318,https://p.scdn.co/mp3-preview/d804dcb95da0ce59ef5d494b97667a5e37ea3666?cid=eb369f94677f420293efdba9637315cc
54IAZXQ1QKmu84QxGHHgJ3,0.625,0.432,https://p.scdn.co/mp3-preview/5385928de41d8ca880b0aff829d0c6bbf3f4e484?cid=eb369f94677f420293efdba9637315cc
2DOfw6UDf0eyCdb0SMVZrE,0.515,0.785,https://p.scdn.co/mp3-preview/f6f8bb7849dd56a8e842bd763be92a3e1c3290c1?cid=eb369f94677f420293efdba9637315cc
2gNHb82MYOSXY4uG767jqL,0.707,0.447,https://p.scdn.co/mp3-preview/ae1ce4729612a916b99d46cf0583572269edaa88?cid=eb369f94677f420293efdba9637315cc
5RubKOuDoPn5Kj5TLVxSxY,0.471,0.637,https://p.scdn.co/mp3-preview/4b2612fb7d969678d72d61908b62b73d592a737e?cid=eb369f94677f420293efdba9637315cc
5v6fwkgHeF0N32LmEoQyQB,0.752,0.829,https://p.scdn.co/mp3-preview/cd9d1bcecdd54ee290cc671b2009968471577716?cid=eb369f94677f420293efdba9637315cc
2f5N826udWfjT9iomeaBJt,0.361,0.659,https://p.scdn.co/mp3-preview/3849123347067581d321d21fa6598310603d33a5?cid=eb369f94677f420293efdba9637315cc
